USE ecommerce_db;
-- Sample Data 
INSERT INTO customers (name, email, city, signup_date) VALUES
('Amit Sharma','amit1@gmail.com','Delhi','2023-01-05'),
('Riya Verma','riya2@gmail.com','Mumbai','2023-01-08'),
('Rahul Mehta','rahul3@gmail.com','Pune','2023-01-12'),
('Sneha Iyer','sneha4@gmail.com','Chennai','2023-01-15'),
('Arjun Singh','arjun5@gmail.com','Delhi','2023-01-18'),
('Neha Gupta','neha6@gmail.com','Noida','2023-01-20'),
('Karan Malhotra','karan7@gmail.com','Gurgaon','2023-01-22'),
('Pooja Nair','pooja8@gmail.com','Kochi','2023-01-25'),
('Vikram Rao','vikram9@gmail.com','Bangalore','2023-01-28'),
('Ananya Das','ananya10@gmail.com','Kolkata','2023-02-01'),
('Rohit Jain','rohit11@gmail.com','Jaipur','2023-02-04'),
('Simran Kaur','simran12@gmail.com','Amritsar','2023-02-06'),
('Manish Patel','manish13@gmail.com','Ahmedabad','2023-02-09'),
('Ayesha Khan','ayesha14@gmail.com','Bhopal','2023-02-12'),
('Suresh Reddy','suresh15@gmail.com','Hyderabad','2023-02-14'),
('Kriti Arora','kriti16@gmail.com','Delhi','2023-02-16'),
('Nitin Bansal','nitin17@gmail.com','Faridabad','2023-02-18'),
('Divya Mishra','divya18@gmail.com','Lucknow','2023-02-20'),
('Mohit Aggarwal','mohit19@gmail.com','Chandigarh','2023-02-22'),
('Ishita Roy','ishita20@gmail.com','Kolkata','2023-02-25'),
('Aditya Kulkarni','aditya21@gmail.com','Nagpur','2023-02-27'),
('Rashmi Shetty','rashmi22@gmail.com','Mangalore','2023-03-01'),
('Abhishek Tiwari','abhishek23@gmail.com','Kanpur','2023-03-03'),
('Nisha Malhotra','nisha24@gmail.com','Delhi','2023-03-05'),
('Harsh Vardhan','harsh25@gmail.com','Patna','2023-03-07'),
('Meenal Joshi','meenal26@gmail.com','Udaipur','2023-03-09'),
('Siddharth Kapoor','sid27@gmail.com','Mumbai','2023-03-11'),
('Payal Ghosh','payal28@gmail.com','Howrah','2023-03-13'),
('Varun Saxena','varun29@gmail.com','Meerut','2023-03-15'),
('Kavita Deshpande','kavita30@gmail.com','Pune','2023-03-17'),
('Aakash Verma','aakash31@gmail.com','Indore','2023-03-19'),
('Tanvi Shah','tanvi32@gmail.com','Surat','2023-03-21'),
('Prateek Srivastava','prateek33@gmail.com','Varanasi','2023-03-23'),
('Renu Chawla','renu34@gmail.com','Delhi','2023-03-25'),
('Sanjay Nanda','sanjay35@gmail.com','Ludhiana','2023-03-27'),
('Komal Jain','komal36@gmail.com','Ujjain','2023-03-29'),
('Deepak Yadav','deepak37@gmail.com','Noida','2023-03-31'),
('Shreya Banerjee','shreya38@gmail.com','Kolkata','2023-04-02'),
('Gaurav Sinha','gaurav39@gmail.com','Ranchi','2023-04-04'),
('Pankaj Mishra','pankaj40@gmail.com','Allahabad','2023-04-06'),
('Neelam Choudhary','neelam41@gmail.com','Ajmer','2023-04-08'),
('Rajat Arora','rajat42@gmail.com','Panipat','2023-04-10'),
('Smita Kulkarni','smita43@gmail.com','Nashik','2023-04-12'),
('Alok Pandey','alok44@gmail.com','Gorakhpur','2023-04-14'),
('Sonali Patil','sonali45@gmail.com','Kolhapur','2023-04-16'),
('Yash Thakur','yash46@gmail.com','Shimla','2023-04-18'),
('Preeti Soni','preeti47@gmail.com','Jodhpur','2023-04-20'),
('Ankit Rawat','ankit48@gmail.com','Dehradun','2023-04-22'),
('Rupal Mehra','rupal49@gmail.com','Delhi','2023-04-24'),
('Sameer Ali','sameer50@gmail.com','Aligarh','2023-04-26');

-- Products
INSERT INTO products (product_name, category, price) VALUES
('Laptop','Electronics',60000),
('Headphones','Electronics',2000),
('Smartphone','Electronics',25000),
('Smartwatch','Electronics',5000),
('Bluetooth Speaker','Electronics',3500),
('Keyboard','Accessories',1500),
('Mouse','Accessories',800),
('Monitor','Electronics',12000),
('Power Bank','Accessories',1800),
('USB Cable','Accessories',500);

-- Orders
INSERT INTO orders (customer_id, order_date) VALUES
(1,'2023-03-01'),(2,'2023-03-02'),(3,'2023-03-03'),(4,'2023-03-04'),
(5,'2023-03-05'),(6,'2023-03-06'),(7,'2023-03-07'),(8,'2023-03-08'),
(9,'2023-03-09'),(10,'2023-03-10'),(11,'2023-03-11'),(12,'2023-03-12'),
(13,'2023-03-13'),(14,'2023-03-14'),(15,'2023-03-15'),(16,'2023-03-16'),
(17,'2023-03-17'),(18,'2023-03-18'),(19,'2023-03-19'),(20,'2023-03-20'),
(21,'2023-03-21'),(22,'2023-03-22'),(23,'2023-03-23'),(24,'2023-03-24'),
(25,'2023-03-25'),(26,'2023-03-26'),(27,'2023-03-27'),(28,'2023-03-28'),
(29,'2023-03-29'),(30,'2023-03-30'),(31,'2023-03-31'),(32,'2023-04-01'),
(33,'2023-04-02'),(34,'2023-04-03'),(35,'2023-04-04'),(36,'2023-04-05'),
(37,'2023-04-06'),(38,'2023-04-07'),(39,'2023-04-08'),(40,'2023-04-09'),
(41,'2023-04-10'),(42,'2023-04-11'),(43,'2023-04-12'),(44,'2023-04-13'),
(45,'2023-04-14'),(46,'2023-04-15'),(47,'2023-04-16'),(48,'2023-04-17'),
(49,'2023-04-18'),(50,'2023-04-19');

-- Order Items
INSERT INTO order_items (order_id, product_id, quantity) VALUES
(1,1,1),(2,2,2),(3,3,1),(4,4,1),(5,5,1),
(6,6,2),(7,7,3),(8,8,1),(9,9,2),(10,10,4),
(11,1,1),(12,2,1),(13,3,2),(14,4,1),(15,5,2),
(16,6,1),(17,7,2),(18,8,1),(19,9,1),(20,10,3),
(21,1,1),(22,2,2),(23,3,1),(24,4,1),(25,5,1),
(26,6,2),(27,7,1),(28,8,1),(29,9,2),(30,10,1),
(31,1,1),(32,2,2),(33,3,1),(34,4,1),(35,5,2),
(36,6,1),(37,7,2),(38,8,1),(39,9,1),(40,10,3),
(41,1,1),(42,2,1),(43,3,2),(44,4,1),(45,5,1),
(46,6,2),(47,7,1),(48,8,1),(49,9,2),(50,10,1);

-- Payments
INSERT INTO payments (order_id, payment_method, payment_status) VALUES
(1,'UPI','Success'),(2,'Credit Card','Success'),(3,'Debit Card','Success'),
(4,'UPI','Success'),(5,'Net Banking','Success'),(6,'UPI','Success'),
(7,'Credit Card','Success'),(8,'UPI','Success'),(9,'Debit Card','Success'),
(10,'UPI','Success'),(11,'UPI','Success'),(12,'Credit Card','Success'),
(13,'Debit Card','Success'),(14,'UPI','Success'),(15,'Net Banking','Success'),
(16,'UPI','Success'),(17,'Credit Card','Success'),(18,'UPI','Success'),
(19,'Debit Card','Success'),(20,'UPI','Success'),(21,'UPI','Success'),
(22,'Credit Card','Success'),(23,'Debit Card','Success'),(24,'UPI','Success'),
(25,'Net Banking','Success'),(26,'UPI','Success'),(27,'Credit Card','Success'),
(28,'UPI','Success'),(29,'Debit Card','Success'),(30,'UPI','Success'),
(31,'UPI','Success'),(32,'Credit Card','Success'),(33,'Debit Card','Success'),
(34,'UPI','Success'),(35,'Net Banking','Success'),(36,'UPI','Success'),
(37,'Credit Card','Success'),(38,'UPI','Success'),(39,'Debit Card','Success'),
(40,'UPI','Success'),(41,'UPI','Success'),(42,'Credit Card','Success'),
(43,'Debit Card','Success'),(44,'UPI','Success'),(45,'Net Banking','Success'),
(46,'UPI','Success'),(47,'Credit Card','Success'),(48,'UPI','Success'),
(49,'Debit Card','Success'),(50,'UPI','Success');
    
